id,left,right,top,bottom
1,-74.7585,-74.7575,4.45678,4.45578
2,-74.7595,-74.7585,4.45678,4.45578
3,-74.7585,-74.7575,4.45778,4.45678